[{"type":"row","layout":"444","settings":{"name":"Top wrapper","background_color":"","color":"","background_image":"","link_color":"","link_hover_color":"","hidden_xs":0,"hidden_sm":0,"hidden_md":0,"padding":"","margin":"","fluidrow":0,"custom_class":"top-home1"},"attr":[{"type":"sp_col","className":"layout-column col-sm-4","settings":{"column_type":0,"name":"top2","hidden_xs":0,"hidden_sm":0,"hidden_md":0,"sm_col":"","xs_col":"","custom_class":"","sortableitem":"[object Object]"}},{"type":"sp_col","className":"layout-column col-sm-4","settings":{"custom_class":"","xs_col":"","sm_col":"","hidden_md":0,"hidden_sm":0,"hidden_xs":0,"name":"top1","column_type":0,"sortableitem":"[object Object]"}},{"type":"sp_col","className":"layout-column col-sm-4","settings":{"custom_class":"","xs_col":"","sm_col":"","hidden_md":0,"hidden_sm":0,"hidden_xs":0,"name":"top3","column_type":0}}]},{"type":"row","layout":"372","settings":{"name":"Header Wrapper","background_color":"","color":"","background_image":"","link_color":"","link_hover_color":"","hidden_xs":0,"hidden_sm":0,"hidden_md":0,"padding":"","margin":"","fluidrow":0,"custom_class":"style-home1"},"attr":[{"type":"sp_col","className":"layout-column col-sm-3","settings":{"sortableitem":"[object Object]","custom_class":"","xs_col":"","sm_col":"","hidden_md":0,"hidden_sm":0,"hidden_xs":0,"name":"logo","column_type":0}},{"type":"sp_col","className":"layout-column col-sm-7","settings":{"sortableitem":"[object Object]","column_type":0,"name":"menu","hidden_xs":0,"hidden_sm":0,"hidden_md":0,"sm_col":"","xs_col":"","custom_class":""}},{"type":"sp_col","className":"layout-column col-sm-2","settings":{"sortableitem":"[object Object]","column_type":0,"name":"top4","hidden_xs":0,"hidden_sm":0,"hidden_md":0,"sm_col":"","xs_col":"","custom_class":""}}]},{"type":"row","layout":12,"settings":{"custom_class":"","fluidrow":1,"margin":"","padding":"","hidden_md":0,"hidden_sm":0,"hidden_xs":0,"link_hover_color":"","link_color":"","background_image":"","color":"","background_color":"","name":"Page Title"},"attr":[{"type":"sp_col","className":"layout-column col-sm-12","settings":{"custom_class":"","xs_col":"","sm_col":"","hidden_md":0,"hidden_sm":0,"hidden_xs":0,"name":"title","column_type":0}}]},{"type":"row","layout":"363","settings":{"custom_class":"","md_hidden":0,"ms_hidden":0,"xs_hidden":0,"link_hover_color":"","link_color":"","text_color":"","bg_image":"","bg_color":"","name":"Main Body","background_color":"","color":"","background_image":"","hidden_xs":0,"hidden_sm":0,"hidden_md":0,"padding":"","margin":"","fluidrow":0},"attr":[{"type":"sp_col","className":"layout-column col-sm-3","settings":{"xs_col":"","sm_col":"","hidden_md":0,"hidden_sm":0,"hidden_xs":0,"column_type":0,"name":"left","custom_class":"","xs_hidden":0,"ms_hidden":0,"md_hidden":0,"sortableitem":"[object Object]"}},{"type":"sp_col","className":"layout-column col-sm-6","settings":{"column_type":1,"name":"","custom_class":"","md_hidden":0,"ms_hidden":0,"xs_hidden":0,"sortableitem":"[object Object]"}},{"type":"sp_col","className":"layout-column col-sm-3","settings":{"xs_col":"","sm_col":"","hidden_md":0,"hidden_sm":0,"hidden_xs":0,"custom_class":"","md_hidden":0,"ms_hidden":0,"xs_hidden":0,"name":"right","column_type":0,"sortableitem":"[object Object]"}}]},{"type":"row","layout":12,"settings":{"name":"Brand Wrapper","background_color":"#ffffff","color":"#ffffff","background_image":"images/bg-brand.jpg","link_color":"","link_hover_color":"","hidden_xs":0,"hidden_sm":0,"hidden_md":0,"padding":"","margin":"","fluidrow":0,"custom_class":""},"attr":[{"type":"sp_col","className":"layout-column col-sm-12","settings":{"column_type":0,"name":"brand","hidden_xs":0,"hidden_sm":0,"hidden_md":0,"sm_col":"","xs_col":"","custom_class":"","sortableitem":"[object Object]"}}]},{"type":"row","layout":12,"settings":{"custom_class":"","fluidrow":0,"margin":"","padding":"55px 0 35px 0","hidden_md":0,"hidden_sm":0,"hidden_xs":0,"link_hover_color":"","link_color":"","background_image":"","color":"","background_color":"","name":"Postion1 Wrapper"},"attr":[{"type":"sp_col","className":"layout-column col-sm-12 column-active","settings":{"custom_class":"","xs_col":"","sm_col":"","hidden_md":0,"hidden_sm":0,"hidden_xs":0,"name":"position1","column_type":0}}]},{"type":"row","layout":12,"settings":{"custom_class":"bgmajor_color","fluidrow":0,"margin":"","padding":"5px 0 80px 0","hidden_md":0,"hidden_sm":0,"hidden_xs":0,"link_hover_color":"","link_color":"","background_image":"","color":"","background_color":"","name":"Position Wrapper"},"attr":[{"type":"sp_col","className":"layout-column col-sm-12","settings":{"custom_class":"","xs_col":"","sm_col":"","hidden_md":0,"hidden_sm":0,"hidden_xs":0,"name":"position2","column_type":0,"sortableitem":"[object Object]"}}]},{"type":"row","layout":"3333","settings":{"name":"Bottom Wrapper","background_color":"","color":"","background_image":"","link_color":"","link_hover_color":"","hidden_xs":0,"hidden_sm":0,"hidden_md":0,"padding":"","margin":"","fluidrow":0,"custom_class":"no-padding"},"attr":[{"type":"sp_col","className":"layout-column col-sm-3","settings":{"custom_class":"","xs_col":"","sm_col":"col-sm-6","hidden_md":0,"hidden_sm":0,"hidden_xs":0,"name":"bottom4","column_type":0,"sortableitem":"[object Object]"}},{"type":"sp_col","className":"layout-column col-sm-3","settings":{"custom_class":"","xs_col":"","sm_col":"col-sm-6","hidden_md":0,"hidden_sm":0,"hidden_xs":0,"name":"bottom3","column_type":0,"sortableitem":"[object Object]"}},{"type":"sp_col","className":"layout-column col-sm-3","settings":{"column_type":0,"name":"bottom2","hidden_xs":0,"hidden_sm":0,"hidden_md":0,"sm_col":"col-sm-6","xs_col":"","custom_class":"","sortableitem":"[object Object]"}},{"type":"sp_col","className":"layout-column col-sm-3","settings":{"column_type":0,"name":"bottom1","hidden_xs":0,"hidden_sm":0,"hidden_md":0,"sm_col":"col-sm-6","xs_col":"","custom_class":"","sortableitem":"[object Object]"}}]},{"type":"row","layout":"66","settings":{"fluidrow":0,"margin":"","padding":"","hidden_md":0,"hidden_sm":0,"hidden_xs":0,"background_image":"","color":"","background_color":"","custom_class":"","md_hidden":0,"ms_hidden":0,"xs_hidden":0,"link_hover_color":"","link_color":"","text_color":"","bg_image":"","bg_color":"","name":"Footer Wrapper"},"attr":[{"type":"sp_col","className":"layout-column col-sm-6","settings":{"sortableitem":"[object Object]","column_type":0,"name":"footer1","hidden_xs":0,"hidden_sm":0,"hidden_md":0,"sm_col":"","xs_col":"","custom_class":"","md_hidden":0,"ms_hidden":0,"xs_hidden":0}},{"type":"sp_col","className":"layout-column col-sm-6","settings":{"column_type":0,"name":"footer2","hidden_xs":0,"hidden_sm":0,"hidden_md":0,"sm_col":"","xs_col":"","custom_class":""}}]}]