<?xml version="1.0" encoding="utf-8"?>
<extension version="3.5" type="template" client="site" method="upgrade">
    <name>vina_dongky</name>
    <creationDate>August 16, 2016</creationDate>
    <author>vinagecko.com</author>
    <authorEmail>support@vinagecko.com</authorEmail>
    <authorUrl>http://www.vinagecko.com</authorUrl>
    <copyright>Copyright (coffee) 2016 VinaGecko.com. All rights reserved.</copyright>
    <license>http://www.gnu.org/licenses/gpl-2.0.html GPLv2 or later</license>
    <version>1.0</version>
    <description>
		<![CDATA[
			<p>Vina Dongky - Clean & Minimal VirtueMart Joomla Template</p>
			<p>Vina Dongky is a modern and minimal, easy-to-use and effective, aesthetic and appealing, readily responsive VirtueMart creative multipurpose website builder. Vina Dongky is a clean, purposeful, highly intuitive website builder that has been carefully crafted with the most potent premium plugins, including SP Page Builder Pro, VirtueMart 3.0.16, Unite Revolution Slider, 5 Premium modules from VinaGecko.com and much more, readily integrated into a concise visual interface which allows you to edit layouts, settings, shortcodes and more in real time.
			</p>
			<h3>Vina Dongky – Overview:</h3>
			<ul class="arrow">				
				<li>1. 4 Clean Layouts and unlimited color scheme.</li>
				<li>2. Fully compatible with Joomla 3.6 and VirtueMart 3.0.16</li>
				<li>3. Helix 3 Framework, Ultimate Layout Builder, Mega Menu, Offcanvas Menu ready.</li>
				<li>4. Supports multi current, multi-language and RTL ready.</li>
				<li>5. 5 Premium Extensions from VinaGecko ($50+ saved)</li>
				<li>6. Advanced Typography based on Bootstrap 3.</li>
				<li>7. Built With Less CSS and CSS & Javascript Compression ready.</li>
				<li>8.Virtuemart Product Compare, VirtueMart Product Wishlist, VirtueMart One Page Checkout.</li>
				<li>9.Supports Ajax Products Filter, Ajax VirtueMart Category Search.</li>
				<li>10. Online Documentation – http://joomla.vinagecko.com/docs/?template=vina_dongky</li>
				<li>11. Supports Chrome, Safari, Firefox, IE</li>
				<li>12. Demo content included! (quickstart package)</li>		
			</ul>	

			<p>Note: Vina Dongky – Support and pre-sale questions:
			Feel free to submit a ticket here: http://tickets.vinagecko.com/ If you have any pre-sale questions or need help installing your theme.</p>

			<strong>Tags:</strong> virtuemart 3, virtuemart template, helix 3 framework, joomla 3, ajax product filter, product carousel, bootstrap 3, responsive, fashion, furniture, bussiness, multipurpose, interior, online stores, digital, mobile.
		]]>
	</description>

    <languages>
        <language tag="en-GB">en-GB.tpl_vina_dongky.ini</language>
    </languages>
    <positions>
        <position>title</position>
        <position>top1</position>
        <position>top2</position>
        <position>top3</position>
        <position>top4</position>
		<position>top21</position>
        <position>top22</position>
        <position>top23</position>
        <position>top24</position>
        <position>jl-welcome</position>
		
		<position>minicart</position>
		<position>logo</position>
        <position>menu</position>
        <position>search</position>
		<position>language</position>
		<position>currency</position>
		<position>brand</position>
        <position>left</position>
        <position>right</position>
		
		<position>user1</position>
		<position>user2</position>
		<position>user3</position>
		<position>user4</position>
	
        <position>position1</position>
        <position>position2</position>
        <position>position3</position>
        <position>position4</position>
        <position>position5</position>
        <position>position6</position>
        <position>position7</position>
        <position>position8</position>
        <position>position9</position>
        <position>coutdown_position</position>
		
		<position>bottom-top</position>
        <position>bottom1</position>
        <position>bottom2</position>
        <position>bottom3</position>
        <position>bottom4</position>
		<position>bottom21</position>
        <position>bottom22</position>
        <position>bottom23</position>
        <position>bottom24</position>
        
		<position>footer1</position>
		<position>footer2</position>
        <position>footer3</position>
        <position>footer4</position>
		
        <position>comingsoon</position>
		<position>comingsoon-header</position>
		<position>comingsoon-footer</position>
        <position>offcanvas</position>
        <position>pagebuilder</position>
        <position>404</position>
        <position>debug</position>
    </positions>

    <files>
        <file>index.php</file>
        <file>template_preview.png</file>
        <file>template_thumbnail.png</file>
        <file>templateDetails.xml</file>
        <file>error.php</file>
        <file>offline.php</file>
        <file>component.php</file>
        <file>comingsoon.php</file>
		<file>en-GB.tpl_vina_dongky.ini</file>
        <folder>webfonts/</folder>
        <folder>css/</folder>
        <folder>features/</folder>
        <folder>fonts/</folder>
        <folder>html/</folder>
        <folder>images/</folder>
        <folder>js/</folder>
        <folder>layout/</folder>
        <folder>less/</folder>
        <folder>sppagebuilder/</folder>
    </files>
    <config>
        <fields name="params">

            <fieldset name="basic" addfieldpath="/plugins/system/helix3/fields">

                <field type="asset" />

                <field type="group" title="HELIX_HEADER" />
                <field name="sticky_header" class="parent mb_logo" type="radio" default="1" label="HELIX_STICKY_HEADER" description="HELIX_STICKY_HEADER_DESC">
                    <option value="1">HELIX_YES</option>
                    <option value="0">HELIX_NO</option>
                </field>
                <field name="favicon" type="media" preview="true" label="HELIX_FAVICON" description="HELIX_FAVICON_DESC" />

                <!--Layout Type-->
                <field type="group" title="HELIX_BOXED_LAYOUT" />
                <field name="boxed_layout" type="radio" default="0" label="HELIX_ENABLE_BOXED_LAYOUT" description="HELIX_ENABLE_BOXED_LAYOUT_DESC">
                    <option value="1">HELIX_YES</option>
                    <option value="0">HELIX_NO</option>
                </field>

                <field type="group" title="HELIX_LOGO" />
                <!-- logo type -->
                <field name="logo_type" class="parent logotype" type="radio" default="image" label="HELIX_LOGO_TYPE" description="HELIX_LOGO_TYPE_DESC">
                    <option value="image">HELIX_LOGO_TYPE_IMAGE</option>
                    <option value="text">HELIX_LOGO_TYPE_TEXT</option>
                </field>
                <field name="logo_position" class="child logotype logotype_image logotype_text" type="modpos" default="logo" label="HELIX_MODULE_POSITIONS" description="HELIX_MODULE_POSITIONS_DESC" />

                <!-- logo image -->
                <field name="logo_image" class="child logotype logotype_image" type="media" preview="true" label="HELIX_LOGO_TYPE_IMAGE" description="HELIX_LOGO_TYPE_IMAGE_DESC" />
                <field name="logo_image_2x" class="child logotype logotype_image" type="media" preview="true" label="HELIX_LOGO_TYPE_IMAGE_RETINA" description="HELIX_LOGO_TYPE_IMAGE_RETINA_DESC" />
                <field name="mobile_logo" type="media" class="child logotype logotype_image" preview="true" label="HELIX_MOBILE_LOGO" description="HELIX_MOBILE_LOGO_DESC" />

                <!-- logo text -->
                <field name="logo_text" class="child logotype logotype_text" type="text" label="HELIX_LOGO_TYPE_TEXT" description="HELIX_LOGO_TYPE_TEXT_DESC" />
                <field name="logo_slogan" class="child logotype logotype_text" type="text" label="HELIX_LOGO_SLOGAN" description="HELIX_LOGO_SLOGAN_DESC" />

                <field type="group" title="HELIX_BODY_BACKGROUND_IMAGE_LABEL" />
                <field name="body_bg_image" type="media" preview="true" label="HELIX_BODY_BACKGROUND_IMAGE" description="HELIX_BODY_BACKGROUND_IMAGE_DESC" />
                <field name="body_bg_repeat" type="list" default="inherit" label="HELIX_BG_REPEAT" description="HELIX_BG_REPEAT_DESC">
                    <option value="no-repeat">HELIX_BG_REPEAT_NO</option>
                    <option value="repeat">HELIX_BG_REPEAT_ALL</option>
                    <option value="repeat-x">HELIX_BG_REPEAT_HORIZ</option>
                    <option value="repeat-y">HELIX_BG_REPEAT_VERTI</option>
                    <option value="inherit">HELIX_BG_REPEAT_INHERIT</option>
                </field>
                <field name="body_bg_size" type="list" default="inherit" label="HELIX_BG_SIZE" description="HELIX_BG_SIZE_DESC">
                    <option value="cover">HELIX_BG_COVER</option>
                    <option value="contain">HELIX_BG_CONTAIN</option>
                    <option value="inherit">HELIX_BG_INHERIT</option>
                </field>
                <field name="body_bg_attachment" type="list" default="inherit" label="HELIX_BG_ATTACHMENT" description="HELIX_BG_ATTACHMENT_DESC">
                    <option value="fixed">HELIX_BG_ATTACHMENT_FIXED</option>
                    <option value="scroll">HELIX_BG_ATTACHMENT_SCROLL</option>
                    <option value="inherit">HELIX_BG_ATTACHMENT_INHERIT</option>
                </field>
                <field name="body_bg_position" type="list" default="0 0" label="HELIX_BG_POSITION" description="HELIX_BG_POSITION_DESC">
                    <option value="0 0">HELIX_BG_POSITION_LEFT_TOP</option>
                    <option value="0 50%">HELIX_BG_POSITION_LEFT_CENTER</option>
                    <option value="0 100%">HELIX_BG_POSITION_LEFT_BOTTOM</option>
                    <option value="50% 0">HELIX_BG_POSITION_CENTER_TOP</option>
                    <option value="50% 50%">HELIX_BG_POSITION_CENTER_CENTER</option>
                    <option value="50% 100%">HELIX_BG_POSITION_CENTER_BOTTOM</option>
                    <option value="100% 0">HELIX_BG_POSITION_RIGHT_TOP</option>
                    <option value="100% 50%">HELIX_BG_POSITION_RIGHT_CENTER</option>
                    <option value="100% 100%">HELIX_BG_POSITION_RIGHT_BOTTOM</option>
                </field>

                <!-- Footer -->
                <field type="group" title="HELIX_FOOTER" />
                <field name="enabled_copyright" type="radio" class="parent copyright" default="1" label="HELIX_COPYRIGHT" description="HELIX_COPYRIGHT_DESC">
                    <option value="1">HELIX_SHOW</option>
                    <option value="0">HELIX_HIDE</option>
                </field>
                <field name="copyright_position" type="modpos" default="footer1" label="HELIX_MODULE_POSITIONS" description="HELIX_MODULE_POSITIONS_DESC" class="child copyright copyright_1" />
                <field name="copyright" class="child copyright copyright_1" type="textarea" rows="6" cols="30" default="Copyright © 2016 {VinaGecko.com}. All Rights Reserved." label="HELIX_COMPYRIGHT_TEXT" description="HELIX_COMPYRIGHT_TEXT_DESC" filter="raw" />

                <!--Social Icons-->
                <field type="group" title="HELIX_SOCIAL_ICONS" />
                <field name="show_social_icons" type="radio" default="1" label="HELIX_SOCIAL_ICONS" description="HELIX_SOCIAL_ICONS_DESC" class="parent social_icons">
                    <option value="1">HELIX_SHOW</option>
                    <option value="0">HELIX_HIDE</option>
                </field>
                <field name="social_position" type="modpos" default="position2" label="HELIX_MODULE_POSITIONS" description="HELIX_MODULE_POSITIONS_DESC" class="child social_icons social_icons_1" />
                <field name="facebook" type="text" label="HELIX_SOCIAL_ICON_FACEBOOK" default="https://www.facebook.com/vinawebsolutions" description="HELIX_SOCIAL_ICON_FACEBOOK_DESC" class="child social_icons social_icons_1" />
                <field name="twitter" type="text" label="HELIX_SOCIAL_ICON_TWITTER" default="https://twitter.com/vnwebsolutions" description="HELIX_SOCIAL_ICON_TWITTER_DESC" class="child social_icons social_icons_1" />
                <field name="googleplus" type="text" label="HELIX_SOCIAL_ICON_GOOGLEPLUS" default="https://plus.google.com/+HieuJa/posts" description="HELIX_SOCIAL_ICON_GOOGLEPLUS_DESC" class="child social_icons social_icons_1" />
                <field name="instagram" type="text" label="HELIX_SOCIAL_ICON_INSTAGRAM" description="HELIX_SOCIAL_ICON_INSTAGRAM_DESC" class="child social_icons social_icons_1" />
                <field name="pinterest" type="text" label="HELIX_SOCIAL_ICON_PINTEREST" description="HELIX_SOCIAL_ICON_PINTEREST_DESC" class="child social_icons social_icons_1" />
                <field name="linkedin" type="text" label="HELIX_SOCIAL_ICON_LINKEDIN" description="HELIX_SOCIAL_ICON_LINKEDIN_DESC" class="child social_icons social_icons_1" />
				<field name="rss" type="text" label="HELIX_SOCIAL_ICON_RSS" description="HELIX_SOCIAL_ICON_RSS_DESC" class="child social_icons social_icons_1" />
                <field name="dribbble" type="text" label="HELIX_SOCIAL_ICON_DRIBBBLE" description="HELIX_SOCIAL_ICON_DRIBBBLE_DESC" class="child social_icons social_icons_1" />
                <field name="behance" type="text" label="HELIX_SOCIAL_ICON_BEHANCE" description="HELIX_SOCIAL_ICON_BEHANCE_DESC" class="child social_icons social_icons_1" />
                <field name="youtube" type="text" label="HELIX_SOCIAL_ICON_YOUTUBE" description="HELIX_SOCIAL_ICON_YOUTUBE_DESC" class="child social_icons social_icons_1" />
                <field name="flickr" type="text" label="HELIX_SOCIAL_ICON_FLICKR" description="HELIX_SOCIAL_ICON_FLICKR_DESC" class="child social_icons social_icons_1" />
                <field name="skype" type="text" label="HELIX_SOCIAL_ICON_SKYPE" description="HELIX_SOCIAL_ICON_SKYPE_DESC" class="child social_icons social_icons_1" />
                <field name="vk" type="text" label="HELIX_SOCIAL_ICON_VK" description="HELIX_SOCIAL_ICON_VK_DESC" class="child social_icons social_icons_1" />

                <!--Contact Info-->
                <field type="group" title="HELIX_CONTACT_INFO" />
                <field name="enable_contactinfo" type="radio" default="1" label="HELIX_ENABLE_CONTACT_INFO" description="HELIX_ENABLE_CONTACT_INFO_DESC" class="parent contactinfo">
                    <option value="0">HELIX_NO</option>
                    <option value="1">HELIX_YES</option>
                </field>
                <field name="contact_position" type="modpos" default="top1" label="HELIX_MODULE_POSITIONS" description="HELIX_MODULE_POSITIONS_DESC" class="child contactinfo contactinfo_1" />
				 <field name="contact_email" type="email" default=" " label="HELIX_CONTACT_EMAIL" description="HELIX_CONTACT_EMAIL_DESC" class="child contactinfo contactinfo_1" />
                <field name="contact_phone" type="text" default="Call support free: 123 456 789" label="HELIX_CONTACT_PHONE" description="HELIX_CONTACT_PHONE_DESC" class="child contactinfo contactinfo_1" />
               
					
                <!--Coming Soon-->
                <field type="group" title="HELIX_COMINGOON" />
                <field name="comingsoon_mode" type="radio" default="0" label="HELIX_COMINGSOON_MODE" description="HELIX_COMINGSOON_MODE_DESC" class="parent comingsoon">
                    <option value="0">HELIX_NO</option>
                    <option value="1">HELIX_YES</option>
                </field>
                <field name="comingsoon_title" type="text" default="We Will Release Soon" label="HELIX_COMINGSOON_TITLE" description="HELIX_COMINGSOON_TITLE_DESC" />
                <field name="comingsoon_date" type="calendar" default="5-10-2018" format="%d-%m-%Y" label="HELIX_COMINGSOON_DATE" description="HELIX_COMINGSOON_DATE_DESC" />
                <field name="comingsoon_content" type="textarea" default="Mauris leo magna, elementum id faucibus in, semper ut tortor. Nam imperdiet purus nec quam scelerisque pretium. Aliquam porttitor, urna vitae rutrum ullamcorper, lorem elit dignissim est, in tempus tellus sapien vel eros." label="HELIX_COMINGSOON_CONTENT" description="HELIX_COMINGSOON_CONTENT_DESC" filter="raw" />
				

				
			</fieldset>
			
			
            <!--End Basic Tab-->

            <fieldset name="preset"  addfieldpath="/plugins/system/helix3/fields">
                <field type="group" title="HELIX_PRESETS" />
                <field name="preset" type="presets"  default="preset1" label="HELIX_PRESETS" />
                
                <field type="group" title="HELIX_STYLEING_OPTIONS" />

				<!--Start Preset1-->
				<field name="preset1_bg" class="preset-control preset1" type="color" default="#ffffff" label="HELIX_BACKGROUND_COLOR" description="HELIX_BACKGROUND_COLOR_DESC" />
				<field name="preset1_text" class="preset-control preset1" type="color" default="#222222" label="HELIX_TEXT_COLOR" description="HELIX_TEXT_COLOR_DESC" />
				<field name="preset1_major2" class="preset-control preset1" type="color" default="#ff6131" label="HELIX_MAJOR_COLOR2" description="HELIX_MAJOR_COLOR2_DESC" />
				<field name="preset1_major" class="preset-control preset1" type="color" default="#e9ac4c" label="HELIX_MAJOR_COLOR" description="HELIX_MAJOR_COLOR_DESC" />
				<field name="preset1_lblnew" class="preset-control preset1" type="color" default="#71d251" label="HELIX_BACKGROUND_NEW_LABEL_COLOR" description="HELIX_BACKGROUND_NEW_LABEL_COLOR_DESC" />
				<field name="preset1_lblsale" class="preset-control preset1" type="color" default="#e9ac4c" label="HELIX_BACKGROUND_SALE_LABEL_COLOR" description="HELIX_BACKGROUND_SALE_LABEL_COLOR_DESC" />
				<!--End Preset1-->
				
				<!--Start Preset2-->
				<field name="preset2_bg" class="preset-control preset2" type="color" default="#ffffff" label="HELIX_BACKGROUND_COLOR" description="HELIX_BACKGROUND_COLOR_DESC" />
				<field name="preset2_text" class="preset-control preset2" type="color" default="#222222" label="HELIX_TEXT_COLOR" description="HELIX_TEXT_COLOR_DESC" />
				<field name="preset2_major2" class="preset-control preset2" type="color" default="#a5d63c" label="HELIX_MAJOR_COLOR2" description="HELIX_MAJOR_COLOR2_DESC" />
				<field name="preset2_major" class="preset-control preset2" type="color" default="#a5d63c" label="HELIX_MAJOR_COLOR" description="HELIX_MAJOR_COLOR_DESC" />
				<field name="preset2_lblnew" class="preset-control preset2" type="color" default="#71d251" label="HELIX_BACKGROUND_NEW_LABEL_COLOR" description="HELIX_BACKGROUND_NEW_LABEL_COLOR_DESC" />
				<field name="preset2_lblsale" class="preset-control preset2" type="color" default="#a5d63c" label="HELIX_BACKGROUND_SALE_LABEL_COLOR" description="HELIX_BACKGROUND_SALE_LABEL_COLOR_DESC" />
				<!--End Preset2-->
				
				<!--Start Preset3-->
				<field name="preset3_bg" class="preset-control preset3" type="color" default="#ffffff" label="HELIX_BACKGROUND_COLOR" description="HELIX_BACKGROUND_COLOR_DESC" />
				<field name="preset3_text" class="preset-control preset3" type="color" default="#222222" label="HELIX_TEXT_COLOR" description="HELIX_TEXT_COLOR_DESC" />
				<field name="preset3_major2" class="preset-control preset3" type="color" default="#ff6131" label="HELIX_MAJOR_COLOR2" description="HELIX_MAJOR_COLOR2_DESC" />
				<field name="preset3_major" class="preset-control preset3" type="color" default="#b71234" label="HELIX_MAJOR_COLOR" description="HELIX_MAJOR_COLOR_DESC" />
				<field name="preset3_lblnew" class="preset-control preset3" type="color" default="#71d251" label="HELIX_BACKGROUND_NEW_LABEL_COLOR" description="HELIX_BACKGROUND_NEW_LABEL_COLOR_DESC" />
				<field name="preset3_lblsale" class="preset-control preset3" type="color" default="#b71234" label="HELIX_BACKGROUND_SALE_LABEL_COLOR" description="HELIX_BACKGROUND_SALE_LABEL_COLOR_DESC" />
				<!--End Preset3-->
				 
				<!--Start Preset4-->
				<field name="preset4_bg" class="preset-control preset4" type="color" default="#ffffff" label="HELIX_BACKGROUND_COLOR" description="HELIX_BACKGROUND_COLOR_DESC" />
				<field name="preset4_text" class="preset-control preset4" type="color" default="#222222" label="HELIX_TEXT_COLOR" description="HELIX_TEXT_COLOR_DESC" />
				<field name="preset4_major2" class="preset-control preset4" type="color" default="#ff6131" label="HELIX_MAJOR_COLOR2" description="HELIX_MAJOR_COLOR2_DESC" />
				<field name="preset4_major" class="preset-control preset4" type="color" default="#2980c7" label="HELIX_MAJOR_COLOR" description="HELIX_MAJOR_COLOR_DESC" />
				<field name="preset4_lblnew" class="preset-control preset4" type="color" default="#71d251" label="HELIX_BACKGROUND_NEW_LABEL_COLOR" description="HELIX_BACKGROUND_NEW_LABEL_COLOR_DESC" />
				<field name="preset4_lblsale" class="preset-control preset4" type="color" default="#2980c7" label="HELIX_BACKGROUND_SALE_LABEL_COLOR" description="HELIX_BACKGROUND_SALE_LABEL_COLOR_DESC" />
				<!--End Preset4-->
            </fieldset>
            <!--End Preset-->

            <!--Start Layout Tab-->
            <fieldset name="layout" addfieldpath="/plugins/system/helix3/fields">
                <field name="layoutlist" type="layoutlist" />
                <field type="layout" name="layout" />
            </fieldset>
            <!--End Layout Tab-->

            <!--Start Menu Tab-->
            <fieldset name="menu">
                <field type="group" title="HELIX_MEGAMENU" />
                <field name="menu" type="menu" default="mainmenu" label="HELIX_MEGAMENU_SELECT" description="HELIX_MEGAMENU_SELECT_DESC" />
                <field name="menu_type" class="parent menutype" type="list" default="mega" label="HELIX_MENU_TYPE" description="HELIX_MENU_TYPE_DESC">
                    <option value="mega_offcanvas">HELIX_MEGAMENU_OFFCANVAS</option>
                    <option value="mega">HELIX_MEGAMENU</option>
                    <option value="offcanvas">HELIX_OFFCANVAS</option>
                </field>
                <field name="dropdown_width" type="number" class="child menutype menutype_mega_offcanvas menutype_mega" label="HELIX_MEGAMENU_DROPDOWN_WIDTH" description="HELIX_MEGAMENU_DROPDOWN_WIDTH_DESC" hint="240" />
                <field name="menu_animation" class="child menutype menutype_mega_offcanvas menutype_mega" type="list" default="menu-fade-up" label="HELIX_MENU_DROPDOWN_ANIMATION" description="HELIX_MENU_DROPDOWN_ANIMATION_DESC">
                    <option value="none">HELIX_NO_ANIMATION</option>
                    <option value="menu-fade">HELIX_FADE_ANIMATION</option>
                    <option value="menu-zoom">HELIX_ZOOM_ANIMATION</option>
                    <option value="menu-fade-up">HELIX_FADE_UP_ANIMATION</option>					
                </field>
            </fieldset>
            <!--End Menu Tab-->

            <!--Start Font Tab-->
            <fieldset name="typography" addfieldpath="/plugins/system/helix3/fields">
                <field type="group" title="Google Fonts List" />
                <field name="update_fonts" type="button" url="#" text="HELIX_UPDATE_FONTS_CLICK" label="HELIX_UPDATE_FONTS_LIST" description="HELIX_UPDATE_FONTS_LIST_DESC" class="btn-primary btn-update-fonts-list" />
                
                <field type="group" title="HELIX_BODY_FONT" subtitle="HELIX_BODY_FONT_DESC" />
                <field name="enable_body_font" class="parent body_font" type="radio" default="1" label="HELIX_ENABLE_FONT" description="HELIX_ENABLE_FONT_DESC">
                    <option value="1">HELIX_YES</option>
                    <option value="0">HELIX_NO</option>
                </field>
                <field name="body_font" type="typography" class="child body_font body_font_1" default='{"fontFamily":"Poppins","fontWeight":"300","fontSubset":"latin","fontSize":"14"}' label="HELIX_SELECT_FONT" description="HELIX_SELECT_FONT_DESC" />

                <field type="group" title="HEADING1_FONT" subtitle="HEADING1_FONT_DESC" />
                <field name="enable_h1_font" class="parent h1_font" type="radio" default="0" label="HELIX_ENABLE_FONT" description="HELIX_ENABLE_FONT_DESC">
                    <option value="1">HELIX_YES</option>
                    <option value="0">HELIX_NO</option>
                </field>
                <field name="h1_font" type="typography" class="child  h1_font h1_font_1" default='{"fontFamily":"Open Sans","fontWeight":"800","fontSubset":"latin","fontSize":""}' label="HELIX_SELECT_FONT" description="HELIX_SELECT_FONT_DESC" />

                <field type="group" title="HEADING2_FONT" subtitle="HEADING2_FONT_DESC" />
                <field name="enable_h2_font" class="parent h2_font" type="radio" default="0" label="HELIX_ENABLE_FONT" description="HELIX_ENABLE_FONT_DESC">
                    <option value="1">HELIX_YES</option>
                    <option value="0">HELIX_NO</option>
                </field>
                <field name="h2_font" type="typography" class="child  h2_font h2_font_1" default='{"fontFamily":"Open Sans","fontWeight":"600","fontSubset":"latin","fontSize":""}' label="HELIX_SELECT_FONT" description="HELIX_SELECT_FONT_DESC" />

                <field type="group" title="HEADING3_FONT" subtitle="HEADING3_FONT_DESC" />
                <field name="enable_h3_font" class="parent h3_font" type="radio" default="0" label="HELIX_ENABLE_FONT" description="HELIX_ENABLE_FONT_DESC">
                    <option value="1">HELIX_YES</option>
                    <option value="0">HELIX_NO</option>
                </field>
                <field name="h3_font" type="typography" class="child  h3_font h3_font_1" default='{"fontFamily":"Open Sans","fontWeight":"regular","fontSubset":"latin","fontSize":""}' label="HELIX_SELECT_FONT" description="HELIX_SELECT_FONT_DESC" />

                <field type="group" title="HEADING4_FONT" subtitle="HEADING4_FONT_DESC" />
                <field name="enable_h4_font" class="parent h4_font" type="radio" default="0" label="HELIX_ENABLE_FONT" description="HELIX_ENABLE_FONT_DESC">
                    <option value="1">HELIX_YES</option>
                    <option value="0">HELIX_NO</option>
                </field>
                <field name="h4_font" type="typography" class="child  h4_font h4_font_1" default='{"fontFamily":"Open Sans","fontWeight":"regular","fontSubset":"latin","fontSize":""}' label="HELIX_SELECT_FONT" description="HELIX_SELECT_FONT_DESC" />

                <field type="group" title="HEADING5_FONT" subtitle="HEADING5_FONT_DESC" />
                <field name="enable_h5_font" class="parent h5_font" type="radio" default="0" label="HELIX_ENABLE_FONT" description="HELIX_ENABLE_FONT_DESC">
                    <option value="1">HELIX_YES</option>
                    <option value="0">HELIX_NO</option>
                </field>
                <field name="h5_font" type="typography" class="child  h5_font h5_font_1" default='{"fontFamily":"Open Sans","fontWeight":"600","fontSubset":"latin","fontSize":""}' label="HELIX_SELECT_FONT" description="HELIX_SELECT_FONT_DESC" />

                <field type="group" title="HEADING6_FONT" subtitle="HEADING6_FONT_DESC" />
                <field name="enable_h6_font" class="parent h6_font" type="radio" default="0" label="HELIX_ENABLE_FONT" description="HELIX_ENABLE_FONT_DESC">
                    <option value="1">HELIX_YES</option>
                    <option value="0">HELIX_NO</option>
                </field>
                <field name="h6_font" type="typography" class="child  h6_font h6_font_1" default='{"fontFamily":"Open Sans","fontWeight":"600","fontSubset":"latin","fontSize":""}' label="HELIX_SELECT_FONT" description="HELIX_SELECT_FONT_DESC" />

                <field type="group" title="NAVIGATION_FONT" subtitle="NAVIGATION_FONT_DESC" />
                <field name="enable_navigation_font" class="parent navigation_font" type="radio" default="0" label="HELIX_ENABLE_FONT" description="HELIX_ENABLE_FONT_DESC">
                    <option value="1">HELIX_YES</option>
                    <option value="0">HELIX_NO</option>
                </field>
                <field name="navigation_font" type="typography" class="child  navigation_font navigation_font_1" label="HELIX_SELECT_FONT" description="HELIX_SELECT_FONT_DESC" />

                <field type="group" title="CUSTOM_FONT" subtitle="CUSTOM_FONT_DESC" />
                <field name="enable_custom_font" class="parent custom_font" type="radio" default="0" label="HELIX_ENABLE_FONT" description="HELIX_ENABLE_FONT_DESC">
                    <option value="1">HELIX_YES</option>
                    <option value="0">HELIX_NO</option>
                </field>
                <field name="custom_font" type="typography" class="child  custom_font custom_font_1" label="HELIX_SELECT_FONT" description="HELIX_SELECT_FONT_DESC" />
                <field name="custom_font_selectors" type="textarea" class="child  custom_font custom_font_1" label="HELIX_FONT_CUSTOM_SELECTORS" description="HELIX_FONT_CUSTOM_SELECTORS_DESC" />

            </fieldset>
            <!--End Font Tab-->

            <!--Start Custom Code Tab-->
            <fieldset name="custom_code">
                <field type="group" title="HELIX_CUSTOM_CODE" />
                <field name="before_head" type="textarea" rows="5" label="HELIX_BEFORE_HEAD" description="HELIX_BEFORE_HEAD_DESC" filter="raw" />
                <field name="before_body" type="textarea" rows="5" label="HELIX_BEFORE_BODY" description="HELIX_BEFORE_BODY_DESC" filter="raw" />
                <field name="custom_css" type="textarea" rows="5" label="HELIX_CUSTOM_CSS" description="HELIX_CUSTOM_CSS_DESC" filter="raw" />
                <field name="custom_js" type="textarea" rows="5" label="HELIX_CUSTOM_JS" description="HELIX_CUSTOM_JS_DESC" filter="raw" />
            </fieldset>
            <!--End Custom Code Tab-->

            <!--Start Advanced Tab-->
            <fieldset name="advance">
				<field type="group" title="HELIX_CACHE_SETTINGS" />
				<field name="compress_css" type="radio" default="0" label="HELIX_CSS_COMPRESS" description="HELIX_CSS_COMPRESS_DESC">
					<option value="1">HELIX_YES</option>
					<option value="0">HELIX_NO</option>
				</field>
				<field name="compress_js" type="radio" default="0" label="HELIX_JS_COMPRESS" description="HELIX_CSS_COMPRESS_DESC">
					<option value="1">HELIX_YES</option>
					<option value="0">HELIX_NO</option>
				</field>
				<field name="exclude_js" type="textarea" label="HELIX_EXCLUDE_JS" description="HELIX_EXCLUDE_JS_DESC" />

				<field type="group" title="HELIX_LESS"  />
				<field name="lessoption" type="radio" default="1" label="HELIX_ENABLE_LESS" description="HELIX_ENABLE_LESS_DESC">
					<option value="1">HELIX_YES</option>
					<option value="0">HELIX_NO</option>
				</field>
				
				<!-- Load Page -->
				<field type="group" title="HELIX_PAGE_LOADER"  />
				<field name="page_loader_option" type="radio" default="0" label="HELIX_ENABLE_PAGE_LOADER" description="HELIX_ENABLE_PAGE_LOADER_DESC">
					<option value="1">HELIX_YES</option>
					<option value="0">HELIX_NO</option>
				</field>
				
				<!-- Qickview -->
				<field type="group" title="HELIX_POPUP_QUICKVIEW" />
				<field name="blog_quickview" type="radio" default="1" label="HELIX_ENABLE_BLOG_QUICKVIEW" description="HELIX_ENABLE_BLOG_QUICKVIEW_DESC">
					<option value="1">HELIX_YES</option>
					<option value="0">HELIX_NO</option>
				</field>
				<field name="vm_product_quickview" type="radio" default="1" label="HELIX_ENABLE_VM_QUICKVIEW" description="HELIX_ENABLE_VM_QUICKVIEW_DESC">
					<option value="1">HELIX_YES</option>
					<option value="0">HELIX_NO</option>
				</field>				
				<field name="popup_quickview_width" type="text" default="984" label="HELIX_POPUP_QUICKVIEW_WIDTH" description="HELIX_POPUP_QUICKVIEW_WIDTH_DESC" />
				<field name="popup_quickview_height" type="text" default="475" label="HELIX_POPUP_QUICKVIEW_HEIGHT" description="HELIX_POPUP_QUICKVIEW_HEIGHT_DESC" />
				
				<!-- Go to top -->
				<field type="group" title="Goto Top Settings" />
				<field name="showtop" type="radio" default="1" label="Goto Top" class="parent totop">
					<option value="0">Hide</option>
					<option value="1">Show</option>
				</field>
				<field name="totop_position" type="modpos" class="child totop totop_1" default="footer1" client_id="0" label="HELIX_MODULE_POSITIONS" maxlength="50" />      
				
				<!-- Import/Export Template Settings -->
				<field type="group" title="HELIX_IMPORT_EXPORT"  />
                <field name="export_options" type="optionio" label="HELIX_IMPORT_EXPORT_FIELD"/>
				
			</fieldset>
            <!--End Advanced Tab-->

            <!--Start Blog Tab-->
            <fieldset name="blog">
                <field type="group" title="HELIX_POST_FORMAT" />
                <field name="show_post_format" type="radio" default="1" label="HELIX_SHOW_POST_FORMAT" description="HELIX_SHOW_POST_FORMAT_DESC">
                    <option value="1">HELIX_YES</option>
                    <option value="0">HELIX_NO</option>
                </field>

                <field type="group" title="HELIX_COMMENTS" />
                <field name="commenting_engine" type="list" default="disabled" class="parent comment_engine" label="HELIX_COMMENTING_ENGINE" description="HELIX_COMMENTING_ENGINE_DESC">
                    <option value="disqus">HELIX_DISQUSS</option>
                    <option value="intensedebate">HELIX_INTENSEDEBATE</option>
                    <option value="facebook">HELIX_FB</option>
                    <option value="disabled">HELIX_DISABLED</option>
                </field>
                <field name="disqus_subdomain" type="text" class="child comment_engine comment_engine_disqus" label="HELIX_DISQUS_SUBDOMAIN" description="HELIX_DISQUS_SUBDOMAIN_DESC" />
                <field name="disqus_devmode" type="radio" class="btn-group child comment_engine comment_engine_disqus" default="0" label="HELIX_DISQUS_DEV_MODE" description="HELIX_DISQUS_DEV_MODE_DESC">
                    <option value="0">HELIX_NO</option>
                    <option value="1">HELIX_YES</option>
                </field>
                <field name="intensedebate_acc" type="text" default="" class="child comment_engine comment_engine_intensedebate" label="HELIX_INTENSEDEBATE_ACC" description="HELIX_INTENSEDEBATE_ACC_DESC" />
                <field name="fb_appID" type="text" class="child comment_engine comment_engine_facebook" label="HELIX_FB_ID" description="HELIX_FB_ID_DESC" />
                <field name="fb_width" type="number" default="500" class="child comment_engine comment_engine_facebook" label="HELIX_FB_COMMENTS_WIDTH" description="HELIX_FB_COMMENTS_WIDTH_DESC" />
                <field name="fb_cpp" type="number" default="10" class="child comment_engine comment_engine_facebook" label="HELIX_FB_COMMENTS_PER_PAGE" description="HELIX_FB_COMMENTS_PER_PAGE_DESC" />
                <field name="comments_count" type="radio" default="0" class="btn-group child comment_engine comment_engine_disqus comment_engine_intensedebate comment_engine_facebook" label="HELIX_COMMENTS_COUNT" description="HELIX_COMMENTS_COUNT_DESC">
                    <option value="0">HELIX_NO</option>
                    <option value="1">HELIX_YES</option>
                </field>

                <field type="group" title="HELIX_SOCIAL_SHARE" />
                <field name="social_share" type="radio" default="0" label="HELIX_ENABLE_SOCIAL_SHARE" description="HELIX_ENABLE_SOCIAL_SHARE_DESC">
                    <option value="1">HELIX_YES</option>
                    <option value="0">HELIX_NO</option>
                </field>
				
				<!--Blog Image-->
                <field type="group" title="HELIX_IMAGE_SIZES" />
                <field name="image_small" type="radio" default="0" class="parent image_small" label="HELIX_IMAGE_SMALL" description="HELIX_IMAGE_SMALL_DESC">
                    <option value="1">HELIX_YES</option>
                    <option value="0">HELIX_NO</option>
                </field>
                <field name="image_small_size" type="text" default="100X100" hint="100X100" class="child image_small image_small_1" label="HELIX_IMAGE_SMALL_SIZE" description="HELIX_IMAGE_SMALL_SIZE_DESC" />
                
                <field name="image_thumbnail" type="radio" default="1" class="parent image_thumbnail" label="HELIX_IMAGE_THUMBNAIL" description="HELIX_IMAGE_THUMBNAIL_DESC">
                    <option value="1">HELIX_YES</option>
                    <option value="0">HELIX_NO</option>
                </field>
                <field name="image_thumbnail_size" type="text" default="200X200" hint="200X200" class="child image_thumbnail image_thumbnail_1" label="HELIX_IMAGE_THUMBNAIL_SIZE" description="HELIX_IMAGE_THUMBNAIL_SIZE_DESC" />
                
                <field name="image_medium" type="radio" default="0" class="parent image_medium" label="HELIX_IMAGE_MEDIUM" description="HELIX_IMAGE_MEDIUM_DESC">
                    <option value="1">HELIX_YES</option>
                    <option value="0">HELIX_NO</option>
                </field>
                <field name="image_medium_size" type="text" default="300X300" hint="300X300" class="child image_medium image_medium_1" label="HELIX_IMAGE_MEDIUM_SIZE" description="HELIX_IMAGE_MEDIUM_SIZE_DESC" />

                <field name="image_large" type="radio" default="0" class="parent image_large" label="HELIX_IMAGE_LARGE" description="HELIX_IMAGE_LARGE_DESC">
                    <option value="1">HELIX_YES</option>
                    <option value="0">HELIX_NO</option>
                </field>
                <field name="image_large_size" type="text" default="600X600" hint="600X600" class="child image_large image_large_1" label="HELIX_IMAGE_LARGE_SIZE" description="HELIX_IMAGE_LARGE_SIZE_DESC" />

                <field name="blog_list_image" type="list" default="default" label="HELIX_BLOG_LIST_IMAGE" description="HELIX_BLOG_LIST_IMAGE_DESC">
                    <option value="default">HELIX_BLOG_LIST_IMAGE_DEFAULT</option>
                    <option value="small">HELIX_BLOG_LIST_IMAGE_SMALL</option>
                    <option value="thumbnail">HELIX_BLOG_LIST_IMAGE_THUMBNAIL</option>
                    <option value="medium">HELIX_BLOG_LIST_IMAGE_MEDIUM</option>
                    <option value="large">HELIX_BLOG_LIST_IMAGE_LARGE</option>
                </field>
            </fieldset>
            <!--End Blog Tab-->
			
			<!--Start virtuemart Tab-->
            <fieldset name="virtuemart" label="HELIX_VM">
			
                <!-- Custom Module Vina Treeview Virtuemart -->
				<field type="group" title="HELIX_VM_CATEGORY_MENU" />
				<field name="max_VMCategoryMenu" type="number" default="6" label="HELIX_VM_CATEGORY_MENU_MAX_ITEMS" description="HELIX_VM_CATEGORY_MENU_MAX_ITEMS_DESC" />
				
				
				
				<!-- Virtuemart Category Product -->
				<field type="group" title="HELIX_VM_PRODUCT"  />
				
				<!-- Virtuemart Category Product -->
                <field name="vm_product_labels" class="parent product_labels" type="radio" default="1" label="HELIX_VM_PRODUCT_LABELS" description="HELIX_VM_PRODUCT_LABELS_DESC">
                    <option value="1">HELIX_YES</option>
                    <option value="0">HELIX_NO</option>
                </field>
				
				<field name="vm_product_label_newdate" class="child product_labels product_labels_1" type="number" default="360" label="HELIX_VM_PRODUCT_LABEL_NEW_DATE" description="HELIX_VM_PRODUCT_LABEL_NEW_DATE_DESC" />
				<field name="vm_product_label_newlimit" class="child product_labels product_labels_1" type="number" default="10" label="HELIX_VM_PRODUCT_LABELS_NEW_LIMIT" description="HELIX_VM_PRODUCT_LABELS_NEW_LIMIT_DESC" />
				
				<field name="vm_product_desc_limit" type="number" default="60" label="HELIX_VM_PRODUCT_DESC_LIMIT" description="HELIX_VM_PRODUCT_DESC_LIMIT_DESC" />
				
				<!-- Virtuemart Product Detail-->
				<field type="group" title="HELIX_VM_PRODUCT_DETAIL"  />
				<field name="vm_image_zoom" type="radio" default="1" label="HELIX_VM_IMAGE_ZOOM" description="HELIX_VM_IMAGE_ZOOM_DESC">
					<option value="1">HELIX_YES</option>
					<option value="0">HELIX_NO</option>
				</field>
				<field name="vm_scrollZoom" type="radio" default="0" label="HELIX_VM_IMAGE_MOUSE_WHEEL_ZOOM" description="HELIX_VM_IMAGE_MOUSE_WHEEL_ZOOM_DESC">
					<option value="1">HELIX_YES</option>
					<option value="0">HELIX_NO</option>
				</field>
				<field name="vm_zoomType" type="list" default="inner" label="HELIX_VM_IMAGE_ZOOM_TYPE" description="HELIX_VM_IMAGE_ZOOM_TYPE_DESC">
					<option value="window">HELIX_VM_IMAGE_ZOOM_TYPE_WINDOW</option>
                    <option value="inner">HELIX_VM_IMAGE_ZOOM_TYPE_INNER</option>
				</field>
				<field name="vm_zoomCursor" type="list" default="crosshair" label="HELIX_VM_IMAGE_ZOOM_CURSOR" description="HELIX_VM_IMAGE_ZOOM_CURSOR_DESC">
					<option value="default">HELIX_VM_IMAGE_ZOOM_CURSOR_DEFAULT</option>
                    <option value="cursor">HELIX_VM_IMAGE_ZOOM_CURSOR_OPTION_CURSOR</option>
                    <option value="crosshair">HELIX_VM_IMAGE_ZOOM_CURSOR_CROSSHAIR</option>
				</field>
				
				<field name="vm_zoomLensShape" type="list" default="square" label="HELIX_VM_IMAGE_ZOOM_LENS_SHAPE" description="HELIX_VM_IMAGE_ZOOM_LENS_SHAPE_DESC">
					<option value="square">HELIX_VM_IMAGE_ZOOM_LENS_SHAPE_SQUARE</option>
                    <option value="round">HELIX_VM_IMAGE_ZOOM_LENS_SHAPE_ROUND</option>
				</field>
				
				<field name="vm_zoomWindowFadeIn" type="number" default="500" label="HELIX_VM_IMAGE_ZOOM_WINDOW_FADE_IN" description="HELIX_VM_IMAGE_ZOOM_WINDOW_FADE_IN_DESC" />
				<field name="vm_zoomWindowFadeOut" type="number" default="500" label="HELIX_VM_IMAGE_ZOOM_WINDOW_FADE_OUT" description="HELIX_VM_IMAGE_ZOOM_WINDOW_FADE_OUT_DESC" />
				<field name="vm_zoomLensFadeIn" type="number" default="500" label="HELIX_VM_IMAGE_ZOOM_LENS_FADE_IN" description="HELIX_VM_IMAGE_ZOOM_LENS_FADE_IN_DESC" />
				<field name="vm_zoomLensFadeOut" type="number" default="500" label="HELIX_VM_IMAGE_ZOOM_LENS_FADE_OUT" description="HELIX_VM_IMAGE_ZOOM_LENS_FADE_OUT_DESC" />
				
				<field type="spacer" name="product_spacer" hr="true" />
				
				<field name="vm_social_product" class="parent vm_social_product" type="radio" default="1" label="HELIX_VM_SOCIAL_PRODUCT" description="HELIX_VM_SOCIAL_PRODUCT_DESC">
					<option value="1">HELIX_YES</option>
					<option value="0">HELIX_NO</option>
				</field>
				<field name="vm_social_product_code" class="child vm_social_product vm_social_product_1" type="textarea" default="" label="HELIX_VM_SOCIAL_PRODUCT_CODE" description="HELIX_VM_SOCIAL_PRODUCT_CODE_DESC" filter="raw" />
			</fieldset>
            <!--End virtuemart Tab-->
        </fields>
    </config>
</extension>