[{"type":"row","layout":"444","settings":{"custom_class":"top-home1","fluidrow":0,"margin":"","padding":"","hidden_md":0,"hidden_sm":0,"hidden_xs":0,"link_hover_color":"","link_color":"","background_image":"","color":"","background_color":"","name":"Top wrapper"},"attr":[{"type":"sp_col","className":"layout-column col-sm-4","settings":{"sortableitem":"[object Object]","custom_class":"","xs_col":"","sm_col":"","hidden_md":0,"hidden_sm":0,"hidden_xs":0,"name":"top2","column_type":0}},{"type":"sp_col","className":"layout-column col-sm-4","settings":{"sortableitem":"[object Object]","column_type":0,"name":"top1","hidden_xs":0,"hidden_sm":0,"hidden_md":0,"sm_col":"","xs_col":"","custom_class":""}},{"type":"sp_col","className":"layout-column col-sm-4","settings":{"column_type":0,"name":"top3","hidden_xs":0,"hidden_sm":0,"hidden_md":0,"sm_col":"","xs_col":"","custom_class":""}}]},{"type":"row","layout":"372","settings":{"custom_class":"style-home1","fluidrow":0,"margin":"","padding":"","hidden_md":0,"hidden_sm":0,"hidden_xs":0,"link_hover_color":"","link_color":"","background_image":"","color":"","background_color":"","name":"Header Wrapper"},"attr":[{"type":"sp_col","className":"layout-column col-sm-3","settings":{"column_type":0,"name":"logo","hidden_xs":0,"hidden_sm":0,"hidden_md":0,"sm_col":"","xs_col":"","custom_class":"","sortableitem":"[object Object]"}},{"type":"sp_col","className":"layout-column col-sm-7","settings":{"custom_class":"","xs_col":"","sm_col":"","hidden_md":0,"hidden_sm":0,"hidden_xs":0,"name":"menu","column_type":0,"sortableitem":"[object Object]"}},{"type":"sp_col","className":"layout-column col-sm-2","settings":{"custom_class":"","xs_col":"","sm_col":"","hidden_md":0,"hidden_sm":0,"hidden_xs":0,"name":"top4","column_type":0,"sortableitem":"[object Object]"}}]},{"type":"row","layout":12,"settings":{"name":"Page Title","background_color":"","color":"","background_image":"","link_color":"","link_hover_color":"","hidden_xs":0,"hidden_sm":0,"hidden_md":0,"padding":"","margin":"","fluidrow":1,"custom_class":""},"attr":[{"type":"sp_col","className":"layout-column col-sm-12","settings":{"column_type":0,"name":"title","hidden_xs":0,"hidden_sm":0,"hidden_md":0,"sm_col":"","xs_col":"","custom_class":""}}]},{"type":"row","layout":"363","settings":{"fluidrow":0,"margin":"","padding":"","hidden_md":0,"hidden_sm":0,"hidden_xs":0,"background_image":"","color":"","background_color":"","name":"Main Body","bg_color":"","bg_image":"","text_color":"","link_color":"","link_hover_color":"","xs_hidden":0,"ms_hidden":0,"md_hidden":0,"custom_class":""},"attr":[{"type":"sp_col","className":"layout-column col-sm-3","settings":{"sortableitem":"[object Object]","md_hidden":0,"ms_hidden":0,"xs_hidden":0,"custom_class":"","name":"left","column_type":0,"hidden_xs":0,"hidden_sm":0,"hidden_md":0,"sm_col":"","xs_col":""}},{"type":"sp_col","className":"layout-column col-sm-6","settings":{"sortableitem":"[object Object]","xs_hidden":0,"ms_hidden":0,"md_hidden":0,"custom_class":"","name":"","column_type":1}},{"type":"sp_col","className":"layout-column col-sm-3","settings":{"sortableitem":"[object Object]","column_type":0,"name":"right","xs_hidden":0,"ms_hidden":0,"md_hidden":0,"custom_class":"","hidden_xs":0,"hidden_sm":0,"hidden_md":0,"sm_col":"","xs_col":""}}]},{"type":"row","layout":12,"settings":{"custom_class":"","fluidrow":0,"margin":"","padding":"","hidden_md":0,"hidden_sm":0,"hidden_xs":0,"link_hover_color":"","link_color":"","background_image":"images/bg-brand.jpg","color":"#ffffff","background_color":"#ffffff","name":"Brand Wrapper"},"attr":[{"type":"sp_col","className":"layout-column col-sm-12","settings":{"sortableitem":"[object Object]","custom_class":"","xs_col":"","sm_col":"","hidden_md":0,"hidden_sm":0,"hidden_xs":0,"name":"brand","column_type":0}}]},{"type":"row","layout":12,"settings":{"name":"Postion1 Wrapper","background_color":"","color":"","background_image":"","link_color":"","link_hover_color":"","hidden_xs":0,"hidden_sm":0,"hidden_md":0,"padding":"55px 0 35px 0","margin":"","fluidrow":0,"custom_class":""},"attr":[{"type":"sp_col","className":"layout-column col-sm-12 column-active","settings":{"column_type":0,"name":"position1","hidden_xs":0,"hidden_sm":0,"hidden_md":0,"sm_col":"","xs_col":"","custom_class":""}}]},{"type":"row","layout":12,"settings":{"name":"Position Wrapper","background_color":"","color":"","background_image":"","link_color":"","link_hover_color":"","hidden_xs":0,"hidden_sm":0,"hidden_md":0,"padding":"5px 0 80px 0","margin":"","fluidrow":0,"custom_class":"bgmajor_color"},"attr":[{"type":"sp_col","className":"layout-column col-sm-12","settings":{"sortableitem":"[object Object]","column_type":0,"name":"position2","hidden_xs":0,"hidden_sm":0,"hidden_md":0,"sm_col":"","xs_col":"","custom_class":""}}]},{"type":"row","layout":"3333","settings":{"custom_class":"no-padding","fluidrow":0,"margin":"","padding":"","hidden_md":0,"hidden_sm":0,"hidden_xs":0,"link_hover_color":"","link_color":"","background_image":"","color":"","background_color":"","name":"Bottom Wrapper"},"attr":[{"type":"sp_col","className":"layout-column col-sm-3","settings":{"sortableitem":"[object Object]","column_type":0,"name":"bottom4","hidden_xs":0,"hidden_sm":0,"hidden_md":0,"sm_col":"col-sm-6","xs_col":"","custom_class":""}},{"type":"sp_col","className":"layout-column col-sm-3","settings":{"sortableitem":"[object Object]","column_type":0,"name":"bottom3","hidden_xs":0,"hidden_sm":0,"hidden_md":0,"sm_col":"col-sm-6","xs_col":"","custom_class":""}},{"type":"sp_col","className":"layout-column col-sm-3","settings":{"sortableitem":"[object Object]","custom_class":"","xs_col":"","sm_col":"col-sm-6","hidden_md":0,"hidden_sm":0,"hidden_xs":0,"name":"bottom2","column_type":0}},{"type":"sp_col","className":"layout-column col-sm-3","settings":{"sortableitem":"[object Object]","custom_class":"","xs_col":"","sm_col":"col-sm-6","hidden_md":0,"hidden_sm":0,"hidden_xs":0,"name":"bottom1","column_type":0}}]},{"type":"row","layout":"66","settings":{"name":"Footer Wrapper","bg_color":"","bg_image":"","text_color":"","link_color":"","link_hover_color":"","xs_hidden":0,"ms_hidden":0,"md_hidden":0,"custom_class":"","background_color":"","color":"","background_image":"","hidden_xs":0,"hidden_sm":0,"hidden_md":0,"padding":"","margin":"","fluidrow":0},"attr":[{"type":"sp_col","className":"layout-column col-sm-6","settings":{"xs_hidden":0,"ms_hidden":0,"md_hidden":0,"custom_class":"","xs_col":"","sm_col":"","hidden_md":0,"hidden_sm":0,"hidden_xs":0,"name":"footer1","column_type":0,"sortableitem":"[object Object]"}},{"type":"sp_col","className":"layout-column col-sm-6","settings":{"custom_class":"","xs_col":"","sm_col":"","hidden_md":0,"hidden_sm":0,"hidden_xs":0,"name":"footer2","column_type":0}}]}]